{
    "closures": [],
    "cfg_time": 49.612951040267944,
    "vra_time": 11.589539527893066,
    "path": "/home/a123456/Desktop/mango/operation-mango-public-master/dataset/belkin/F9K1015/webs",
    "name": "webs",
    "has_sinks": true,
    "sha256": "2d6add6d4c86214e75f41dbb488f8581cd209252fce2d3bed899af16a2202baa",
    "sink_times": {},
    "error": null,
    "mango_time": 0.0073969364166259766,
    "sinks": {
        "strcat": 0,
        "strcpy": 0,
        "memcpy": 0
    },
    "time_data": {}
}