{
    "closures": [],
    "cfg_time": 5.423334360122681,
    "vra_time": 3.0010223388671875,
    "path": "/home/a123456/Desktop/mango/operation-mango-public-master/dataset/trendnet/TV-IP201/upnp",
    "name": "upnp",
    "has_sinks": true,
    "sha256": "00ba34032de87db2f37fd8b25721792cd59fe7c69bfb3a9f472d4c95b06ce0c4",
    "sink_times": {},
    "error": null,
    "mango_time": 0.002345561981201172,
    "sinks": {
        "strcat": 0,
        "strcpy": 0,
        "memcpy": 0
    },
    "time_data": {}
}