{
    "closures": [],
    "cfg_time": 93.12301635742188,
    "vra_time": 69.49742126464844,
    "path": "/home/a123456/Desktop/mango/operation-mango-public-master/dataset/fastcom/fd890gv2/httpd",
    "name": "httpd",
    "has_sinks": true,
    "sha256": "0e1f0876fd035522b31424f72a2cf8ffc8ada45464d4915664a1f713f558774f",
    "sink_times": {},
    "error": null,
    "mango_time": 0.004270076751708984,
    "sinks": {
        "strcat": 0,
        "strcpy": 0,
        "memcpy": 0
    },
    "time_data": {}
}