{
    "closures": [],
    "cfg_time": 22.64918541908264,
    "vra_time": 16.7875018119812,
    "path": "/home/a123456/Desktop/mango/operation-mango-public-master/dataset/trendnet/TV-IP201/webs",
    "name": "webs",
    "has_sinks": true,
    "sha256": "90823b73ce6654bf0900610fec4f09c4ed48bed149720a8e921fedcb60ea7b88",
    "sink_times": {},
    "error": null,
    "mango_time": 0.003376007080078125,
    "sinks": {
        "strcat": 0,
        "strcpy": 0,
        "memcpy": 0
    },
    "time_data": {}
}